mutant,mt_pdb,ddG,ph,Change melting temp,effect,source,pos,wt,mut,wt_pdb,mutant_chain,log_p_wt,log_p_mt,log_p_mt__minus__log_p_wt
G77A,1L23,-0.4,6.5,,Neutral,[64],77,G,A,2LZM,A,-1.0057386,-1.0601485,-0.05440986
A82P,1L24,-0.8,6.5,,Neutral,[64],82,A,P,2LZM,A,-2.7604604,-1.1839288,1.5765315
A93T,129L,,5.4,0.13,Neutral,[65],93,A,T,2LZM,A,-2.5910156,-3.168251,-0.57723546
T151S,130L,,5.4,0.93,Neutral,[65],151,T,S,2LZM,A,-2.4043722,-2.823645,-0.4192729
T26S,131L,,5.4,1.35,Neutral,[65],26,T,S,2LZM,A,-0.36759394,-0.62866604,-0.2610721
V149M,1CV6,2.8,5.4,,Destabilizing,[66],149,V,M,2LZM,A,-0.8728899,-2.6111932,-1.7383033
V87M,1CU3,2.3,5.4,,Destabilizing,[66],87,V,M,2LZM,A,-0.08678025,-5.1330576,-5.0462775
S38N,1L61,-0.6,5.7 -5.9,,Neutral,[67],38,S,N,2LZM,A,-0.23379639,-1.7710791,-1.5372827
T109N,1L59,-0.1,5.7 -5.9,,Neutral,[67],109,T,N,2LZM,A,-2.848271,-3.1783218,-0.33005095
T109D,1L62,-0.6,5.7 -5.9,,Neutral,[67],109,T,D,2LZM,A,-2.848271,-2.6812968,0.16697407
N116D,1L57,-0.6,5.7 -5.9,,Neutral,[67],116,N,D,2LZM,A,-2.033027,-2.3880997,-0.35507274
D92N,1L55,1.4,5.7 -5.9,,Destabilizing,[67],92,D,N,2LZM,A,-0.15872653,-2.1706038,-2.0118773
S38D,1L19,,5,2.2,Neutral,[68],38,S,D,2LZM,A,-0.23379639,-1.5462725,-1.3124762
N144D,1L20,,5,2.0,Neutral,[68],144,N,D,2LZM,A,-2.8726492,-3.0800567,-0.20740747
M106I,1P46,-0.2,5,,Neutral,[69],106,M,I,2LZM,A,-1.053282,-2.097609,-1.044327
M120Y,1P6Y,0.1,5,,Neutral,[69],120,M,Y,2LZM,A,-2.589625,-1.6212311,0.9683938
V149I,1G0Q,0.1,5.4,,Neutral,[70],149,V,I,2LZM,A,-0.8728899,-0.91423225,-0.041342378
T152V,1G0L,-0.2,5.4,,Neutral,[70],152,T,V,2LZM,A,-0.12427326,-0.101918615,0.022354648
V149S,1G06,4.4,5.4,,Destabilizing,[70],149,V,S,2LZM,A,-0.8728899,-3.0251174,-2.1522274
V149C,1G07,2.0,5.4,,Destabilizing,[70],149,V,C,2LZM,A,-0.8728899,-5.057858,-4.184968
V149G,1G0P,4.9,5.4,,Destabilizing,[70],149,V,G,2LZM,A,-0.8728899,-5.6569877,-4.7840977
E108V,1QUG,-0.7,5.4,,Neutral,[71],108,E,V,2LZM,A,-1.6841574,-1.0619313,0.6222261
L99G,1QUD,6.3,5.4,,Destabilizing,[71],99,L,G,2LZM,A,-0.083142646,-5.441511,-5.3583684
S117F,1TLA,-1.1,5.4,,Neutral,[72],117,S,F,2LZM,A,-0.6090492,-2.6245012,-2.015452
M106L,234L,-0.5,3,,Neutral,[73],106,M,L,2LZM,A,-1.053282,-0.37951383,0.67376816
M120L,233L,-0.5,3,,Neutral,[73],120,M,L,2LZM,A,-2.589625,-0.13654,2.453085
M106K,231L,3.4,3,,Destabilizing,[73],106,M,K,2LZM,A,-1.053282,-3.2288709,-2.1755888
M120K,232L,1.6,3,,Destabilizing,[73],120,M,K,2LZM,A,-2.589625,-4.8729405,-2.2833157
I3V,1L17,0.4,6.5,,Neutral,[74],3,I,V,2LZM,A,-0.14839,-1.4029348,-1.2545447
I3Y,1L18,2.3,6.5,,Destabilizing,[74],3,I,Y,2LZM,A,-0.14839,-0.5279659,-0.3795759
M102K,1L54,6.9,5.3,,Destabilizing,[75],102,M,K,2LZM,A,-0.13432279,-5.508492,-5.3741693
T157I,1L10,1.2,6,,Destabilizing,[76],157,T,I,2LZM,A,-0.2954194,-4.454203,-4.158784
G156D,1L16,2.3,6.5,,Destabilizing,[77],156,G,D,2LZM,A,-0.07240732,-4.715905,-4.643498
R96H,1L34,,,,Destabilizing,[78],96,R,H,2LZM,A,-0.8261938,-5.2875237,-4.46133
I3P,1L97,,,,Destabilizing,[79],3,I,P,2LZM,A,-0.14839,-0.9364066,-0.7880166
R96N,3CDT,3.0,5.35,,Destabilizing,[80],96,R,N,2LZM,A,-0.8261938,-5.1391387,-4.312945
R96D,3C8Q,3.5,5.35,,Destabilizing,[80],96,R,D,2LZM,A,-0.8261938,-5.6849556,-4.858762
R96W,3FI5,4.5,5.35,,Destabilizing,[80],96,R,W,2LZM,A,-0.8261938,-5.688822,-4.862628
R96Y,3C80,4.7,5.35,,Destabilizing,[80],96,R,Y,2LZM,A,-0.8261938,-5.699073,-4.872879
M102L,1L77,2.11,5.7,,Destabilizing,[81],102,M,L,2LZM,A,-0.13432279,-1.760066,-1.6257433
